student,item1,item2,item3,item4,item5,item6,item7,item8
1,1,0,0,0,1,0,0,0
2,0,1,0,0,1,0,0,0
3,0,1,1,0,0,0,1,1
4,0,1,0,0,0,0,1,0
5,1,1,0,0,0,1,1,0
6,0,0,1,1,1,0,1,1
7,1,0,0,1,0,0,0,1
8,0,1,0,0,0,0,0,0
9,0,1,1,0,0,0,1,1
10,0,1,0,1,0,1,0,0
11,0,1,0,0,0,1,1,0
12,0,0,1,1,0,1,1,1
13,0,0,1,0,0,0,1,1
14,0,0,0,1,0,0,0,0
15,1,1,1,1,1,0,1,0
16,1,1,0,1,0,1,0,0
17,1,1,0,0,0,0,0,0
18,1,0,1,1,1,0,1,1
19,1,0,1,0,1,0,1,0
20,1,0,0,1,0,0,1,0
21,1,1,1,1,0,1,1,1
22,0,0,1,0,0,0,1,1
23,0,1,0,1,0,1,0,0
24,0,0,1,1,0,0,1,1
25,1,1,1,1,1,1,1,1
26,1,1,1,0,0,0,1,1
27,1,1,0,1,0,1,0,0
28,1,0,1,0,1,0,0,1
29,0,1,1,1,0,1,1,1
30,1,1,1,1,1,1,1,1
31,1,0,0,0,0,0,0,0
32,0,1,0,0,0,0,0,0
33,1,0,0,0,0,1,1,1
34,1,0,0,0,0,0,0,0
35,1,1,1,0,0,0,0,0
36,1,0,1,0,1,0,0,0
37,1,0,0,0,0,0,0,0
38,1,0,0,0,0,0,1,1
39,0,1,1,0,0,0,1,1
40,0,1,0,1,1,1,0,0
41,0,1,0,0,0,0,0,0
42,0,0,1,1,0,0,1,1
43,0,0,1,0,0,1,1,1
44,0,0,0,1,0,0,0,0
45,1,1,1,0,1,0,1,1
46,1,1,0,1,0,1,0,0
47,1,0,0,0,0,0,0,1
48,1,0,1,1,1,0,0,1
49,1,0,1,0,1,0,1,1
50,0,0,0,1,0,1,0,0
51,0,1,1,1,1,1,1,1
52,0,1,1,0,0,0,1,1
53,0,1,0,1,0,1,0,0
54,0,0,1,1,0,0,1,1
55,1,1,0,0,1,1,1,1
56,1,1,1,1,1,0,1,1
57,1,1,0,1,0,1,0,0
58,0,0,1,1,1,0,1,1
59,0,1,1,1,0,0,1,1
60,1,1,1,1,1,1,1,1
61,1,0,1,0,0,0,0,0
62,0,1,0,0,0,0,0,0
63,0,0,1,1,1,0,1,1
64,0,0,0,0,0,0,0,0
65,1,1,0,0,1,0,0,0
66,1,0,1,0,1,0,0,1
67,1,1,0,1,0,0,0,0
68,1,0,0,0,0,0,0,0
69,0,1,1,0,0,0,1,0
70,0,1,1,1,0,1,0,0
71,0,0,0,0,0,0,0,0
72,0,0,1,1,0,0,1,1
73,0,0,1,0,0,0,1,1
74,0,0,0,1,0,0,1,0
75,1,1,1,1,1,0,1,1
76,1,1,0,1,0,1,0,0
77,1,1,0,0,0,0,0,0
78,1,0,1,1,1,1,1,1
79,1,0,1,0,1,0,1,1
80,1,0,0,1,0,0,0,0
81,0,1,1,1,0,1,1,1
82,0,1,1,0,0,0,1,1
83,1,1,0,1,0,1,0,1
84,0,0,1,1,0,0,0,1
85,1,1,1,1,1,0,1,1
86,0,1,1,0,1,0,1,1
87,1,1,0,1,0,1,0,0
88,1,0,1,0,0,0,1,1
89,0,1,1,1,0,0,1,1
90,1,1,1,1,1,1,1,0
91,1,0,0,0,0,0,0,0
92,0,1,0,0,0,1,0,0
93,0,1,1,0,1,0,1,1
94,0,0,0,0,1,0,0,0
95,0,1,0,0,0,1,0,0
96,0,0,1,0,1,1,1,1
97,1,0,0,1,0,0,0,1
98,1,0,0,0,0,0,0,0
99,0,1,1,0,0,1,1,1
100,1,1,0,1,0,0,0,0
101,0,1,0,0,0,0,0,0
102,0,0,1,1,0,0,1,1
103,0,0,1,0,0,0,1,1
104,0,0,0,1,0,0,0,0
105,1,1,1,0,1,0,0,1
106,0,1,0,1,0,1,0,0
107,1,1,0,0,0,0,0,0
108,1,0,1,1,1,0,0,1
109,1,0,1,0,1,0,1,1
110,1,1,0,1,0,0,0,0
111,1,1,1,0,0,1,1,0
112,0,1,1,0,0,0,1,1
113,0,1,0,1,0,0,1,0
114,0,0,0,1,0,0,1,1
115,1,1,1,1,0,1,1,1
116,1,1,1,0,1,0,1,1
117,0,1,0,1,0,1,0,0
118,1,0,0,1,1,0,1,1
119,0,0,1,1,0,1,1,1
120,1,1,1,1,1,1,1,1
121,1,0,0,0,0,0,0,0
122,0,1,1,0,0,0,0,0
123,0,0,1,0,1,0,1,1
124,0,0,0,0,0,0,0,0
125,1,1,0,0,0,0,0,0
126,1,0,1,0,0,0,1,1
127,1,0,0,1,0,0,1,1
128,1,0,0,0,0,0,1,0
129,0,1,1,0,0,0,1,1
130,0,1,0,0,0,1,1,1
131,0,0,0,0,1,0,0,0
132,1,0,1,1,0,0,0,1
133,0,0,1,0,0,0,1,1
134,0,0,0,1,0,0,1,0
135,1,1,1,0,1,0,1,1
136,1,1,0,1,0,1,1,0
137,1,1,0,0,0,1,0,0
138,1,0,1,1,1,0,1,1
139,1,0,1,1,1,0,1,1
140,1,0,0,1,0,0,0,0
141,0,1,1,1,1,1,1,1
142,0,0,1,0,0,0,0,1
143,0,1,0,1,0,1,0,1
144,0,0,1,1,0,1,1,1
145,1,1,0,1,1,1,0,1
146,1,1,1,0,1,0,0,1
147,1,1,0,1,0,1,0,0
148,1,0,0,1,1,0,1,1
149,0,1,1,1,0,1,1,1
150,1,1,1,1,1,1,1,1
151,1,1,0,1,0,0,1,0
152,0,1,0,0,0,1,0,0
153,0,0,1,0,0,0,1,1
154,0,0,0,0,0,0,0,0
155,0,1,0,0,0,0,0,0
156,1,1,1,0,1,0,1,1
157,1,1,0,1,0,0,0,0
158,1,0,1,0,0,0,1,0
159,0,1,1,0,0,0,0,1
160,0,1,0,1,0,1,0,0
161,0,1,0,1,0,0,0,0
162,0,0,1,1,1,0,1,1
163,0,0,1,0,0,0,1,1
164,0,1,0,1,0,0,0,0
165,0,0,1,0,1,0,1,1
166,1,1,0,1,0,1,0,0
167,1,1,0,0,0,0,0,0
168,0,0,1,1,1,0,1,1
169,1,0,1,0,1,0,1,0
170,1,0,0,1,0,0,0,0
171,0,1,1,0,0,0,1,1
172,0,1,0,0,0,0,1,1
173,0,1,1,1,0,1,0,0
174,0,0,1,1,1,0,1,1
175,1,1,1,1,1,1,0,1
176,1,1,1,0,0,0,1,1
177,1,1,1,1,0,1,0,0
178,0,0,1,1,1,0,1,1
179,0,1,1,1,0,1,1,1
180,1,1,0,1,1,1,1,1
181,1,0,0,0,0,0,0,0
182,0,1,0,0,0,0,0,0
183,0,0,1,0,1,0,0,1
184,1,0,0,0,0,0,1,0
185,1,1,0,0,0,0,0,0
186,1,0,1,1,1,0,1,0
187,1,0,0,1,0,0,0,0
188,1,0,0,1,0,0,0,1
189,0,1,1,0,0,1,1,1
190,0,1,0,1,0,1,0,0
191,0,1,0,0,0,0,0,0
192,0,0,1,1,0,0,1,1
193,0,0,1,0,0,0,1,1
194,0,0,0,0,0,0,0,0
195,1,1,1,0,1,1,1,1
196,0,1,1,1,0,1,0,1
197,1,1,0,0,0,0,0,0
198,1,0,1,1,1,0,1,1
199,1,0,1,0,0,0,1,1
200,1,0,0,1,0,0,0,0
201,0,1,1,1,0,1,1,1
202,0,1,1,0,0,0,1,1
203,0,1,0,1,0,1,0,0
204,0,0,0,1,0,0,1,0
205,1,1,1,1,1,1,1,1
206,1,1,1,0,1,0,1,1
207,1,1,0,1,0,1,0,0
208,1,0,1,1,1,0,1,1
209,1,0,1,1,0,1,1,1
210,1,0,1,1,1,0,1,1
211,1,0,0,0,0,0,0,0
212,0,1,0,0,0,0,0,0
213,0,1,1,0,0,0,0,1
214,0,0,0,0,0,0,0,0
215,1,1,0,0,1,0,0,0
216,1,0,1,0,1,0,1,1
217,1,0,0,1,0,0,0,0
218,1,0,0,0,0,0,0,0
219,0,1,1,0,0,0,1,1
220,0,1,0,1,0,1,0,1
221,0,1,0,0,1,0,0,0
222,0,0,1,1,0,0,1,1
223,0,0,1,0,1,0,1,1
224,0,0,0,1,0,0,0,1
225,0,1,1,1,1,0,1,1
226,1,1,0,1,0,1,0,1
227,1,0,0,0,0,0,0,0
228,1,0,1,1,0,0,1,1
229,1,0,1,1,1,0,1,1
230,1,0,0,1,0,0,0,0
231,0,1,1,1,0,1,1,1
232,0,1,1,0,0,0,1,1
233,1,1,0,1,0,1,0,0
234,0,0,1,1,0,1,1,1
235,1,1,1,1,1,0,1,1
236,1,1,1,0,1,0,1,1
237,1,1,1,1,0,1,1,0
238,1,0,1,1,1,0,1,1
239,1,1,1,1,0,1,1,1
240,1,0,1,1,1,1,1,1
241,1,1,0,0,0,0,0,0
242,0,0,1,0,0,0,0,0
243,0,0,1,0,0,0,1,1
244,0,1,0,0,0,0,0,0
245,1,1,0,0,0,0,0,0
246,1,0,1,0,1,0,1,1
247,1,0,0,1,0,0,0,0
248,1,0,0,0,0,0,0,0
249,0,1,1,0,0,0,1,1
250,0,1,0,1,0,1,1,0
251,0,1,0,0,0,0,0,0
252,0,0,1,1,0,0,1,1
253,1,0,1,0,0,0,1,1
254,0,0,0,1,0,0,0,0
255,1,1,1,0,1,0,0,1
256,1,1,0,1,0,1,0,0
257,1,1,0,0,0,0,0,1
258,1,0,1,0,1,1,1,1
259,1,0,1,0,0,0,1,1
260,1,0,0,1,0,0,0,0
261,0,1,1,0,0,1,1,1
262,0,1,1,0,0,0,1,1
263,0,0,1,1,0,1,0,0
264,1,0,1,1,0,1,0,1
265,1,1,1,1,1,1,1,1
266,1,1,0,0,1,0,1,0
267,1,1,1,1,0,1,0,1
268,1,0,1,1,1,0,0,1
269,0,1,1,0,1,1,1,1
270,1,1,1,1,1,1,1,0
271,1,0,1,0,0,0,0,0
272,0,1,1,0,0,0,1,0
273,0,1,1,0,1,1,1,1
274,0,0,0,0,0,0,1,0
275,1,1,1,0,0,0,0,0
276,1,0,1,0,0,0,1,1
277,1,0,0,1,0,0,1,0
278,1,0,0,1,1,0,0,0
279,0,1,1,0,0,0,1,1
280,0,0,0,1,0,0,0,0
281,0,1,0,0,0,0,0,0
282,0,0,1,1,0,0,1,1
283,0,0,1,0,0,1,1,1
284,0,0,0,1,0,1,0,0
285,1,1,1,0,1,0,1,1
286,1,0,0,1,0,1,0,0
287,1,1,0,0,0,0,0,0
288,1,0,1,1,1,0,1,1
289,1,0,1,0,1,0,1,1
290,1,0,0,1,0,0,0,0
291,0,1,1,1,0,1,1,1
292,0,1,1,0,0,0,1,1
293,0,1,0,1,0,1,0,1
294,0,0,1,0,0,0,1,1
295,1,1,1,1,0,0,1,1
296,1,1,1,0,1,0,1,1
297,0,1,0,1,0,0,0,0
298,1,0,1,1,1,0,1,1
299,0,1,1,0,0,1,1,1
300,1,1,1,1,1,1,1,1
301,1,1,1,0,0,0,0,1
302,0,1,0,0,0,0,0,0
303,0,0,1,0,0,0,0,1
304,0,0,0,0,0,0,0,0
305,1,1,0,1,0,0,0,0
306,1,0,1,0,1,0,1,1
307,1,0,0,1,0,0,0,0
308,1,0,1,0,0,1,0,1
309,0,1,1,0,0,0,1,1
310,0,1,1,1,0,1,0,0
311,0,1,0,0,0,1,0,0
312,0,0,1,1,0,0,1,1
313,0,0,1,0,0,0,1,1
314,0,0,0,1,0,0,0,1
315,1,0,0,0,1,0,1,1
316,1,1,1,1,0,0,0,0
317,1,1,0,0,0,0,0,0
318,1,0,1,1,1,0,1,1
319,0,0,1,0,1,0,1,1
320,1,0,0,0,0,0,0,0
321,0,1,1,0,1,1,1,1
322,0,1,1,0,0,0,1,1
323,1,1,0,1,0,1,0,0
324,0,0,1,1,0,0,1,1
325,1,1,1,1,1,1,1,1
326,1,1,1,0,1,0,0,1
327,1,1,0,0,0,0,0,0
328,1,1,1,1,0,0,1,0
329,0,1,1,1,0,1,1,1
330,1,1,1,1,1,1,1,1
331,1,0,0,0,0,0,0,0
332,0,0,0,0,0,0,0,0
333,0,0,1,0,0,0,1,1
334,0,0,0,0,0,0,0,0
335,1,1,0,1,0,0,0,0
336,1,0,1,0,0,0,1,1
337,1,0,0,1,0,0,1,0
338,1,0,0,0,0,0,0,0
339,0,1,1,0,0,0,1,1
340,0,1,0,1,0,1,0,0
341,0,1,0,0,0,0,0,0
342,1,0,1,1,0,0,1,1
343,0,1,1,0,0,0,1,1
344,1,0,0,1,0,0,0,0
345,1,1,1,0,1,0,1,1
346,1,1,0,1,0,1,0,0
347,1,1,0,0,0,0,0,0
348,1,0,1,1,1,0,0,1
349,1,1,1,0,1,0,1,1
350,1,0,1,1,1,0,0,0
351,0,1,1,0,0,1,0,1
352,0,1,1,0,0,0,1,1
353,0,1,1,1,0,1,0,0
354,0,0,1,1,0,0,1,1
355,1,1,1,1,1,1,1,1
356,1,1,1,1,1,1,1,0
357,1,1,0,1,0,1,0,0
358,1,0,1,1,1,0,1,1
359,0,1,1,1,0,1,1,1
360,0,1,0,1,1,1,1,1
361,1,0,0,1,0,0,0,1
362,0,1,0,0,0,0,0,0
363,0,0,1,0,0,0,1,1
364,0,0,0,0,0,0,0,0
365,1,1,0,0,0,0,0,0
366,1,0,1,0,1,0,1,1
367,1,1,0,1,0,0,0,0
368,1,0,0,0,1,0,1,0
369,0,1,1,0,0,1,1,1
370,0,1,0,0,0,1,0,0
371,0,1,0,0,1,0,0,0
372,0,0,1,1,0,0,1,1
373,0,0,1,1,0,1,1,1
374,0,0,0,1,0,0,0,1
375,1,1,1,0,1,0,1,1
376,1,1,0,1,0,1,0,0
377,1,0,0,0,1,0,0,0
378,1,0,0,0,1,0,1,1
379,1,0,0,0,1,0,1,1
380,1,0,0,1,0,0,0,0
381,0,1,1,1,0,1,1,1
382,0,1,1,1,0,0,1,1
383,0,1,0,1,0,1,1,0
384,0,0,1,1,1,0,1,1
385,1,1,1,1,1,1,1,1
386,1,1,1,0,1,0,1,1
387,1,1,0,0,1,1,0,0
388,1,0,1,1,1,0,1,1
389,0,1,0,1,0,1,1,1
390,0,1,1,1,1,1,0,1
391,1,0,0,0,0,0,0,0
392,0,1,0,0,0,0,0,0
393,0,0,1,0,0,0,1,1
394,0,0,1,0,0,0,0,0
395,1,1,0,0,0,0,0,0
396,1,0,1,0,1,1,1,1
397,1,0,0,1,0,0,0,0
398,1,0,0,0,0,0,0,0
399,0,1,0,0,0,0,1,1
400,0,1,0,1,0,1,0,0
401,0,1,0,0,0,0,1,0
402,0,0,1,1,0,0,1,1
403,0,1,1,0,0,0,1,1
404,0,0,0,1,0,0,0,0
405,0,1,1,0,1,0,1,1
406,1,1,0,0,0,1,0,0
407,1,1,0,1,0,0,0,0
408,1,0,1,0,1,0,1,1
409,1,0,1,0,1,1,1,1
410,1,0,0,0,0,0,0,0
411,1,1,1,1,0,1,1,1
412,0,1,1,0,0,0,1,1
413,0,1,0,0,0,0,0,0
414,0,0,1,0,0,0,1,1
415,1,1,1,1,1,1,1,1
416,1,1,1,0,1,1,1,1
417,1,1,0,1,0,1,0,0
418,1,0,1,1,1,0,1,1
419,0,1,1,1,0,1,1,1
420,1,1,1,1,1,1,1,1
421,0,0,0,0,0,0,0,1
422,0,1,0,0,0,0,0,0
423,0,1,1,0,0,0,1,1
424,0,0,1,0,0,0,0,0
425,1,1,0,0,0,0,0,0
426,1,0,1,0,1,0,0,1
427,1,0,0,1,0,1,0,0
428,1,1,0,0,0,0,0,0
429,1,1,1,0,0,0,1,1
430,0,1,0,1,0,1,0,0
431,0,1,0,0,0,0,0,1
432,0,0,1,1,0,0,1,1
433,0,1,0,0,1,0,1,1
434,0,0,0,1,0,0,0,0
435,1,1,1,0,1,0,1,1
436,1,1,0,1,0,0,0,0
437,1,1,0,0,0,1,0,0
438,1,0,1,1,1,0,1,0
439,0,0,0,0,1,1,1,1
440,0,0,0,1,0,0,0,0
441,0,1,1,1,0,1,1,1
442,0,1,1,0,0,0,1,1
443,0,1,0,1,0,1,0,0
444,0,1,1,1,0,0,1,1
445,1,1,1,1,1,1,1,1
446,1,1,0,1,1,0,0,1
447,1,1,0,1,0,0,1,0
448,1,1,1,1,1,0,1,1
449,0,1,0,0,0,0,1,0
450,1,1,1,1,1,1,1,1
451,1,0,0,0,0,0,0,0
452,0,1,0,0,0,1,0,0
453,0,0,1,0,0,0,0,1
454,0,0,0,0,0,0,0,0
455,1,1,0,1,0,1,1,0
456,1,0,1,0,1,1,1,1
457,0,0,0,1,0,0,0,0
458,1,0,0,0,1,0,0,0
459,0,1,1,0,0,0,1,0
460,0,1,1,1,0,1,0,0
461,0,0,0,0,0,0,0,1
462,0,0,1,1,0,0,1,0
463,0,0,1,0,0,1,1,1
464,0,0,0,1,0,1,0,0
465,1,1,0,0,1,0,1,1
466,1,1,0,1,1,1,0,0
467,1,0,0,0,0,0,0,0
468,1,0,1,1,1,0,0,1
469,1,0,1,1,1,0,1,1
470,1,0,0,1,0,0,0,0
471,0,0,1,1,0,1,0,1
472,0,1,0,0,0,0,1,1
473,0,1,0,1,1,1,0,0
474,0,0,1,1,0,0,0,0
475,1,1,1,1,1,1,1,1
476,1,0,1,0,1,0,1,0
477,1,1,0,1,0,0,0,1
478,1,0,1,1,1,0,1,1
479,0,1,0,1,0,1,1,1
480,0,1,1,1,1,1,1,1
481,1,0,0,0,0,0,0,0
482,0,1,0,0,0,0,0,0
483,0,0,1,0,0,0,0,1
484,0,0,0,0,0,0,0,0
485,1,1,0,0,0,0,0,0
486,1,0,1,0,1,0,0,1
487,1,0,0,1,1,0,1,0
488,1,0,0,0,0,0,0,0
489,0,1,1,0,0,0,1,0
490,0,1,0,1,0,1,0,0
491,0,1,0,0,0,0,0,0
492,0,0,1,1,0,0,1,1
493,0,0,1,0,0,0,1,1
494,0,0,0,0,0,0,0,0
495,1,1,0,0,1,0,0,1
496,1,1,0,1,0,1,0,0
497,1,1,0,0,0,0,0,0
498,1,0,1,1,1,0,1,1
499,1,0,1,0,1,0,1,1
500,1,0,0,1,0,0,0,0
501,0,1,1,1,0,1,1,1
502,0,1,1,0,0,0,1,1
503,1,1,0,1,0,1,0,0
504,0,0,1,1,0,0,1,1
505,1,1,1,1,1,1,1,1
506,1,1,0,0,1,0,0,1
507,1,1,0,1,0,1,0,0
508,1,0,1,1,1,0,1,1
509,0,1,0,1,0,1,1,1
510,1,1,1,1,1,1,0,1
511,0,0,0,0,0,0,0,0
512,0,1,0,0,0,0,0,0
513,0,0,1,0,0,0,0,1
514,0,0,0,0,0,0,0,0
515,1,1,0,0,0,0,0,0
516,1,0,0,0,1,0,1,0
517,1,0,0,0,1,0,0,0
518,1,0,0,1,0,0,0,0
519,0,0,1,0,0,0,1,1
520,0,1,0,1,0,1,0,0
521,0,0,0,1,0,0,0,0
522,0,0,1,1,0,0,1,1
523,0,0,1,1,0,0,1,1
524,1,0,0,1,0,0,1,0
525,1,1,1,0,1,0,1,1
526,1,1,0,1,0,1,0,0
527,1,1,0,0,0,0,0,0
528,1,0,1,1,1,0,1,1
529,1,0,1,0,1,1,1,1
530,1,0,0,1,0,0,0,0
531,0,1,0,1,0,1,1,1
532,0,1,1,0,0,0,1,1
533,0,1,0,1,0,0,0,0
534,1,0,1,1,0,0,1,1
535,1,0,1,0,1,1,1,1
536,1,1,1,0,1,1,1,1
537,1,1,0,1,0,1,0,0
538,1,0,1,1,1,0,1,1
539,0,0,1,1,0,1,1,1
540,1,0,1,1,1,0,0,1
541,1,0,0,0,0,0,1,0
542,0,1,0,0,0,0,0,0
543,0,0,1,0,0,1,1,1
544,0,1,0,0,0,0,0,0
545,1,1,0,0,0,0,0,0
546,1,0,0,0,1,0,1,1
547,1,0,0,1,0,0,0,0
548,1,0,0,0,0,0,0,0
549,0,1,1,1,0,1,1,1
550,1,1,0,1,0,1,0,0
551,0,1,0,0,0,0,0,0
552,0,0,1,1,0,0,1,1
553,0,0,1,0,0,0,1,1
554,0,0,0,1,0,0,0,0
555,1,1,1,0,1,1,0,1
556,1,0,0,1,0,1,0,0
557,1,1,0,0,1,0,0,0
558,1,0,1,1,1,1,1,1
559,1,0,1,0,1,0,1,0
560,1,0,0,1,0,1,0,0
561,0,1,1,1,0,0,1,1
562,1,1,1,0,0,0,1,1
563,1,1,0,1,0,0,0,0
564,0,0,1,1,1,0,1,0
565,1,1,1,1,1,1,1,1
566,0,1,1,0,1,0,1,1
567,1,1,0,1,0,1,0,1
568,1,0,1,1,1,0,1,1
569,0,1,1,1,0,1,1,1
570,1,0,0,1,1,1,1,1
571,1,0,0,0,0,0,0,0
572,0,1,0,1,0,0,0,0
573,0,0,1,0,0,0,0,1
574,0,0,0,0,0,0,0,0
575,0,1,0,0,0,0,0,0
576,1,0,1,0,1,0,1,1
577,1,0,0,1,0,0,0,0
578,1,0,0,0,0,0,0,0
579,0,1,0,0,0,0,1,1
580,0,1,0,1,0,0,0,0
581,0,1,0,0,0,0,0,0
582,0,0,1,1,0,0,1,1
583,0,0,1,0,0,0,1,1
584,0,0,0,1,0,0,0,0
585,1,1,1,0,1,0,1,1
586,0,1,0,1,0,1,0,0
587,1,0,0,0,0,0,0,0
588,1,0,1,0,1,0,1,1
589,1,0,0,0,1,0,1,1
590,1,0,0,0,0,0,0,0
591,0,1,0,1,0,1,1,1
592,0,1,1,0,1,0,1,1
593,0,1,0,0,0,1,0,0
594,0,0,1,1,0,1,1,0
595,1,1,1,1,1,1,0,1
596,1,1,1,0,1,1,1,1
597,1,1,0,1,0,1,1,0
598,1,0,1,0,1,0,1,1
599,0,1,1,1,0,1,1,1
600,1,1,1,1,1,1,1,1
601,1,1,0,0,0,0,0,0
602,0,1,0,0,0,0,0,0
603,0,1,1,0,0,0,1,1
604,0,0,0,0,0,1,0,0
605,1,1,0,0,0,0,0,0
606,1,0,1,0,1,0,1,1
607,1,0,0,1,0,1,0,1
608,1,0,0,0,0,0,0,0
609,0,1,1,0,0,0,1,1
610,0,1,0,1,0,1,0,1
611,0,1,0,0,0,1,0,0
612,0,0,1,1,0,0,1,0
613,0,0,1,0,1,0,1,1
614,0,0,1,1,0,0,1,0
615,1,1,1,0,1,0,0,1
616,1,1,0,1,0,1,0,0
617,1,1,0,0,0,1,0,1
618,1,1,1,1,1,0,1,0
619,1,0,0,0,1,0,1,1
620,1,0,0,1,0,0,0,0
621,0,1,1,1,0,0,1,1
622,0,1,1,1,0,0,1,1
623,0,1,0,1,0,1,0,1
624,0,0,1,1,0,0,1,0
625,1,1,1,1,1,1,1,1
626,1,1,1,0,1,0,1,1
627,1,1,0,1,0,1,0,0
628,1,0,1,1,1,0,1,1
629,0,0,1,1,0,0,1,0
630,1,0,1,1,1,0,0,1
631,1,0,0,1,0,0,0,0
632,0,1,0,0,1,0,0,0
633,0,0,1,0,0,1,1,1
634,0,0,0,1,0,0,0,0
635,1,1,0,0,0,0,0,0
636,1,0,1,0,1,0,1,1
637,1,0,0,1,0,0,0,0
638,1,1,1,1,1,0,1,0
639,0,1,1,0,0,0,1,1
640,0,1,1,0,0,1,0,0
641,1,1,0,0,0,0,0,0
642,0,0,0,1,0,0,1,1
643,0,0,1,0,0,0,0,1
644,0,1,0,1,0,0,0,1
645,1,1,1,0,1,0,1,1
646,1,1,1,1,1,1,1,0
647,1,1,0,0,0,0,1,0
648,1,0,1,0,1,0,1,1
649,1,0,1,0,1,0,1,1
650,1,0,0,1,0,0,0,0
651,0,1,1,1,0,1,1,1
652,0,1,1,0,0,0,1,1
653,0,1,0,1,0,0,0,0
654,0,0,1,1,0,0,1,0
655,0,1,1,1,0,1,1,1
656,1,1,1,0,1,0,1,0
657,1,1,0,1,1,1,0,0
658,0,0,1,1,0,0,1,1
659,0,1,1,1,0,1,1,1
660,1,1,0,1,1,1,1,1
661,1,0,1,1,0,0,0,0
662,0,0,0,0,0,0,0,0
663,0,0,0,0,0,0,1,1
664,0,0,0,0,0,0,0,0
665,1,1,0,0,0,0,0,0
666,1,0,1,1,1,0,1,1
667,0,0,0,1,0,0,0,0
668,1,0,0,0,0,1,0,0
669,0,1,1,0,0,0,1,1
670,0,1,0,1,0,1,0,0
671,0,1,0,0,0,0,0,0
672,0,0,1,1,0,0,1,1
673,0,0,1,0,0,0,1,1
674,0,0,1,1,0,0,0,0
675,1,1,1,0,1,0,1,0
676,1,1,0,1,0,1,0,0
677,1,1,0,0,0,0,0,0
678,1,0,1,1,1,0,1,1
679,1,0,1,0,1,0,0,1
680,1,0,0,1,0,0,1,1
681,0,1,1,1,0,1,1,1
682,0,1,1,0,1,0,1,1
683,0,1,0,1,0,1,0,0
684,0,0,1,1,0,1,1,1
685,1,1,1,1,1,0,1,1
686,1,1,1,0,1,1,1,1
687,1,1,0,1,0,0,0,0
688,1,1,0,1,1,0,1,1
689,0,1,1,1,0,1,1,1
690,1,1,1,1,1,1,1,1
691,1,1,0,0,0,0,0,0
692,0,1,0,1,0,0,0,0
693,0,0,1,0,0,0,1,1
694,0,0,1,0,0,1,0,0
695,1,1,0,1,0,0,0,0
696,0,1,1,0,1,0,0,1
697,1,0,1,1,0,0,0,0
698,1,0,0,0,0,0,0,0
699,0,1,0,0,0,0,1,1
700,0,1,0,0,0,1,0,0
701,0,1,0,0,0,0,0,1
702,0,0,1,0,0,0,1,1
703,0,0,1,1,0,0,1,1
704,0,0,0,1,0,0,0,0
705,0,1,1,0,1,0,1,1
706,1,1,0,1,0,1,0,0
707,1,1,0,0,0,0,0,0
708,1,0,1,1,1,0,1,1
709,1,0,1,0,1,0,1,0
710,1,0,0,1,0,0,0,0
711,0,1,1,0,1,1,1,1
712,0,1,1,0,0,1,1,1
713,1,1,0,1,0,1,1,0
714,0,0,1,1,0,0,1,1
715,1,1,1,0,1,1,0,1
716,1,1,1,0,1,0,0,1
717,1,1,1,1,0,1,0,0
718,1,0,1,1,1,0,1,1
719,1,1,1,1,0,1,1,1
720,0,1,1,1,1,0,1,1
721,1,1,0,0,0,0,0,0
722,0,1,1,0,0,0,0,0
723,0,0,1,0,0,0,1,1
724,1,0,0,0,0,0,0,0
725,1,1,0,0,0,0,0,0
726,0,0,1,0,1,0,1,0
727,1,1,0,1,0,0,0,0
728,1,0,0,0,0,1,0,0
729,0,1,1,0,0,0,1,1
730,0,1,1,1,0,1,0,0
731,0,1,0,0,0,1,0,0
732,0,0,1,1,0,0,1,1
733,0,1,1,0,1,0,1,1
734,0,0,0,1,0,0,0,0
735,1,1,1,0,1,0,1,1
736,1,1,0,1,0,1,0,0
737,1,1,0,0,0,0,0,0
738,1,0,1,1,0,0,1,1
739,1,0,1,0,1,0,0,1
740,1,0,1,1,1,0,1,0
741,0,1,0,1,0,1,1,1
742,0,1,1,0,1,0,1,0
743,0,1,0,0,1,1,0,0
744,0,0,0,1,0,0,1,0
745,1,1,1,1,1,1,1,1
746,1,1,1,0,1,0,1,1
747,1,1,0,1,0,1,0,0
748,1,0,1,1,1,0,1,1
749,0,0,1,1,1,1,1,1
750,1,1,1,1,1,1,1,1
751,1,0,0,0,1,0,0,0
752,0,1,0,0,0,0,0,0
753,0,1,1,1,0,0,1,1
754,0,0,0,1,0,0,0,0
755,1,1,0,0,0,1,0,0
756,1,0,1,1,1,0,1,1
757,1,0,0,1,0,0,1,0
758,1,0,0,0,0,0,0,0
759,0,1,1,0,0,0,1,1
760,0,1,1,0,0,1,1,0
761,0,1,0,0,0,0,0,0
762,0,0,1,1,0,0,1,1
763,0,0,1,1,1,0,1,1
764,0,0,0,1,0,1,0,0
765,1,1,1,0,1,0,1,1
766,1,1,0,1,0,1,0,0
767,1,1,1,0,0,0,1,0
768,1,0,1,1,1,0,1,1
769,1,0,1,0,1,0,1,1
770,1,0,0,0,0,0,0,0
771,0,0,1,0,0,1,1,1
772,0,1,1,0,0,0,1,1
773,0,1,0,1,0,1,0,0
774,0,0,1,1,0,0,1,1
775,1,1,1,1,1,1,0,1
776,1,1,1,1,1,1,1,1
777,1,0,0,1,0,1,0,0
778,1,0,1,1,1,0,1,1
779,0,1,1,1,0,1,1,1
780,1,1,1,1,1,1,1,1
781,0,0,0,1,0,0,0,0
782,0,1,0,0,0,0,0,0
783,0,0,1,0,1,1,1,0
784,0,0,0,0,0,0,0,0
785,1,1,0,1,0,1,0,0
786,1,0,1,1,1,1,1,1
787,0,0,0,1,0,0,0,0
788,1,0,0,0,0,0,0,1
789,0,1,1,0,0,0,1,1
790,0,1,0,1,0,1,0,0
791,0,1,0,1,0,0,0,0
792,0,1,1,1,0,0,1,1
793,0,0,1,0,1,0,1,1
794,1,0,0,1,0,0,0,0
795,1,1,1,0,1,0,1,1
796,1,0,0,1,0,1,0,0
797,1,1,1,0,0,0,0,0
798,1,0,1,1,1,0,1,0
799,1,0,1,0,1,0,1,1
800,1,0,0,1,0,0,0,0
801,0,1,1,0,0,1,1,1
802,0,1,1,0,0,0,1,1
803,0,1,0,1,0,1,0,0
804,0,0,1,1,0,0,1,1
805,1,0,1,1,0,1,1,1
806,1,1,1,0,0,0,1,1
807,1,1,0,0,0,0,0,0
808,1,0,1,1,0,0,1,1
809,0,0,1,1,0,0,1,1
810,1,1,1,0,1,1,1,1
811,1,0,0,0,0,0,0,0
812,0,1,0,0,0,0,0,0
813,0,0,1,0,0,0,1,1
814,0,0,1,0,0,0,0,0
815,1,0,0,0,0,0,0,0
816,1,0,1,0,1,0,1,1
817,0,0,0,1,0,0,0,0
818,1,0,0,0,0,0,0,0
819,0,1,1,0,0,1,1,1
820,0,1,0,1,1,1,0,0
821,0,1,0,1,0,0,0,0
822,0,1,0,1,0,1,1,1
823,0,0,1,0,0,0,0,1
824,0,0,0,1,0,0,0,0
825,1,1,1,0,1,0,1,1
826,1,1,0,1,0,1,0,0
827,0,1,0,0,0,0,0,1
828,1,0,1,1,1,0,1,0
829,1,0,1,0,1,0,1,1
830,0,0,0,1,0,0,0,0
831,0,1,1,1,0,1,1,1
832,0,1,1,1,0,0,1,1
833,0,1,0,1,0,1,0,0
834,1,1,1,1,0,0,1,1
835,1,1,1,1,1,1,1,1
836,1,1,1,0,1,1,0,1
837,1,1,0,1,0,1,0,0
838,1,0,1,1,1,0,1,0
839,0,1,1,1,0,1,1,1
840,1,1,1,1,1,1,1,0
841,1,0,0,0,1,0,0,0
842,0,1,0,0,0,0,1,0
843,0,1,1,0,0,0,1,0
844,0,0,0,0,0,0,1,0
845,1,1,0,0,0,0,0,0
846,1,0,1,0,1,0,1,1
847,1,0,0,1,0,0,0,0
848,1,0,0,0,0,1,0,0
849,0,1,1,0,0,0,1,1
850,0,1,0,1,1,1,0,0
851,0,1,1,0,0,0,0,0
852,0,0,1,1,1,0,0,1
853,0,0,1,0,0,0,1,1
854,0,0,0,1,0,0,0,0
855,1,1,1,0,1,1,1,1
856,1,1,0,1,0,1,0,0
857,0,1,1,0,0,0,0,0
858,1,1,1,1,0,0,1,1
859,1,0,1,0,1,0,1,1
860,0,1,1,1,0,0,0,1
861,1,1,1,1,0,1,1,1
862,1,1,0,0,0,1,1,0
863,0,1,0,1,0,1,0,0
864,0,0,1,1,0,0,1,1
865,1,1,1,1,1,1,1,1
866,0,1,1,0,1,0,1,1
867,1,1,0,1,0,1,0,0
868,1,0,1,1,1,0,1,1
869,0,1,1,1,0,1,1,1
870,1,1,1,1,1,1,1,1
871,1,0,0,0,0,0,0,1
872,0,1,1,1,0,0,0,0
873,0,0,1,0,0,0,1,1
874,0,0,0,0,0,0,1,0
875,1,1,1,0,0,0,0,0
876,1,0,1,0,1,0,1,1
877,1,0,0,1,1,0,1,0
878,1,0,0,0,0,0,0,0
879,0,1,1,0,0,0,0,1
880,0,1,0,0,0,1,0,0
881,0,0,0,0,0,0,0,0
882,0,0,1,1,1,0,1,1
883,0,0,1,0,0,0,1,1
884,0,0,0,1,0,0,0,0
885,1,1,1,0,1,0,1,1
886,1,0,0,1,0,1,0,0
887,1,1,0,0,0,0,0,0
888,1,0,1,1,1,0,1,1
889,0,0,1,1,1,1,1,1
890,1,0,0,1,0,0,0,0
891,0,1,1,1,0,1,1,1
892,0,0,1,0,0,0,1,1
893,0,1,1,0,1,1,0,0
894,0,0,1,1,0,0,1,1
895,1,1,1,1,1,1,0,1
896,1,1,1,0,0,0,1,1
897,0,1,1,1,0,1,0,0
898,1,0,1,1,1,0,1,1
899,0,1,1,1,0,1,0,1
900,0,1,1,1,1,1,1,0
901,1,0,0,0,0,0,0,0
902,0,1,1,0,0,0,0,0
903,0,0,1,0,0,0,1,0
904,0,0,0,0,0,0,0,0
905,1,1,0,0,0,0,0,0
906,1,0,0,0,1,0,1,1
907,1,1,0,1,0,0,0,0
908,1,1,0,0,0,0,0,1
909,0,1,1,0,0,0,0,1
910,0,1,0,1,0,1,0,0
911,0,1,0,0,0,0,0,0
912,0,0,1,1,1,0,0,1
913,0,0,1,0,0,0,1,0
914,0,0,0,1,0,0,1,0
915,1,1,1,0,1,0,1,1
916,1,1,0,1,0,1,0,0
917,0,0,0,0,1,0,0,0
918,1,0,1,1,1,1,0,1
919,1,0,1,0,1,0,1,1
920,1,0,0,1,0,1,0,0
921,0,1,1,1,1,1,0,1
922,0,0,1,0,0,0,1,1
923,0,1,0,1,0,1,0,0
924,1,0,1,1,0,0,1,1
925,1,1,1,1,1,1,1,1
926,1,1,1,0,1,0,1,1
927,1,1,0,1,0,1,0,0
928,1,0,1,0,1,1,1,1
929,0,1,1,1,0,1,1,1
930,1,1,1,1,1,1,1,1
931,1,0,0,0,0,0,0,0
932,1,1,0,0,1,0,0,0
933,0,0,0,0,0,0,1,1
934,0,0,0,0,0,0,1,0
935,1,1,0,0,0,0,0,0
936,1,1,1,0,1,0,1,1
937,1,0,0,1,0,0,0,0
938,1,0,0,0,0,0,0,0
939,0,1,1,0,0,0,0,1
940,1,1,0,1,0,1,0,0
941,0,0,0,0,0,1,0,0
942,0,0,0,0,1,0,1,1
943,0,0,1,0,0,0,1,0
944,0,1,0,1,0,0,1,0
945,1,1,1,0,1,0,0,1
946,1,1,0,1,0,1,0,0
947,1,1,0,0,0,0,0,0
948,1,0,1,1,1,0,1,1
949,1,0,1,0,1,0,1,0
950,1,0,0,1,1,0,0,0
951,0,1,1,1,1,1,1,1
952,0,1,1,0,0,0,1,0
953,0,1,0,1,0,1,0,0
954,1,0,1,1,0,0,1,0
955,1,1,0,1,0,1,1,0
956,0,1,1,0,1,0,1,1
957,1,1,0,1,0,1,0,0
958,1,0,1,1,1,1,0,1
959,0,0,1,1,0,1,1,1
960,1,1,1,1,1,1,0,1
961,0,0,0,0,0,0,0,1
962,0,1,0,0,0,0,0,0
963,0,0,1,1,0,0,1,1
964,0,0,0,0,0,0,1,0
965,1,1,1,0,0,0,1,1
966,1,0,1,0,1,0,1,0
967,1,0,0,1,0,0,0,0
968,0,0,0,0,1,1,0,0
969,0,1,1,0,0,0,1,1
970,0,1,0,1,0,1,0,0
971,0,1,0,0,0,0,0,0
972,0,0,1,1,0,0,1,1
973,0,0,1,0,0,0,1,1
974,0,0,0,1,0,0,1,0
975,1,1,1,0,1,1,1,1
976,1,0,0,1,0,1,0,1
977,1,1,0,0,0,0,1,0
978,1,0,1,1,1,1,1,1
979,1,0,1,0,1,0,1,1
980,1,0,1,0,0,0,0,0
981,0,1,1,1,0,1,1,1
982,0,1,1,0,0,0,1,1
983,0,1,0,1,0,1,0,0
984,1,0,1,1,0,0,1,1
985,1,1,1,1,1,1,1,1
986,1,1,1,0,1,0,1,1
987,1,1,0,1,1,1,0,1
988,1,0,1,1,1,0,1,1
989,0,1,1,1,0,1,1,1
990,1,1,1,1,1,0,0,1
991,1,0,0,0,0,0,0,0
992,0,1,0,0,0,0,0,0
993,0,0,0,0,0,0,1,1
994,0,0,0,0,0,0,0,0
995,1,1,0,1,0,0,0,0
996,1,1,0,0,0,1,1,1
997,1,0,0,0,0,0,0,0
998,1,0,0,0,0,1,0,0
999,1,1,1,0,0,0,0,1
1000,0,1,0,1,0,0,0,0
1001,1,1,0,0,0,0,0,0
1002,0,1,1,1,1,0,1,1
1003,0,0,1,0,0,0,1,0
1004,0,0,1,1,0,0,0,0
1005,1,1,1,0,1,0,1,1
1006,1,1,0,1,0,1,0,0
1007,0,1,0,0,0,0,0,0
1008,1,0,1,1,1,0,1,1
1009,1,0,1,0,1,0,1,1
1010,1,1,0,1,1,0,0,0
1011,0,1,0,1,0,1,1,1
1012,0,1,1,0,0,0,1,1
1013,0,1,0,1,1,1,0,0
1014,0,0,1,1,0,0,1,1
1015,0,0,1,1,1,0,1,0
1016,1,0,1,0,0,0,1,1
1017,1,1,0,1,0,0,0,0
1018,1,0,1,1,1,0,1,1
1019,0,1,1,0,1,0,1,1
1020,1,0,1,1,1,1,1,1
1021,1,0,0,1,0,1,0,0
1022,0,1,0,0,0,0,0,0
1023,0,0,0,1,0,0,1,1
1024,0,0,0,0,0,0,0,0
1025,1,1,0,0,0,0,1,0
1026,1,0,1,0,1,0,1,1
1027,1,0,0,1,0,0,0,0
1028,0,0,0,0,0,0,0,0
1029,0,1,1,0,0,1,1,1
1030,0,0,0,1,0,0,0,0
1031,0,1,0,0,1,0,0,0
1032,0,0,0,1,0,1,1,1
1033,0,0,0,1,0,0,1,0
1034,0,0,0,1,0,0,0,0
1035,1,1,1,0,1,0,1,1
1036,1,0,0,1,0,1,0,0
1037,1,1,0,0,0,0,0,0
1038,1,0,1,1,1,0,1,1
1039,1,0,1,0,1,0,1,1
1040,1,0,1,1,0,0,0,0
1041,1,1,0,1,0,1,0,1
1042,0,1,1,0,0,0,1,1
1043,0,1,0,1,0,1,0,0
1044,0,0,1,0,0,0,1,1
1045,0,0,1,1,0,1,1,1
1046,1,1,1,0,1,0,1,1
1047,1,0,0,1,0,1,0,0
1048,0,0,1,1,1,0,1,1
1049,0,1,1,1,0,1,1,1
1050,1,1,1,1,1,1,1,1
1051,1,0,0,0,0,0,0,0
1052,0,1,0,0,0,0,0,0
1053,0,0,1,0,1,1,1,1
1054,0,0,0,0,1,0,1,0
1055,1,1,0,0,0,0,0,0
1056,1,0,1,0,1,0,1,1
1057,1,1,0,1,0,0,0,1
1058,1,0,0,0,0,0,0,0
1059,0,0,1,0,0,0,1,1
1060,1,1,0,1,1,1,0,0
1061,1,1,0,0,0,0,0,0
1062,1,0,1,1,0,0,1,1
1063,0,0,1,0,0,0,1,1
1064,0,0,0,0,0,0,0,0
1065,1,1,0,0,1,0,1,1
1066,1,1,0,1,0,1,1,0
1067,1,1,0,0,0,0,0,0
1068,1,0,1,1,1,0,1,1
1069,1,0,1,0,1,0,1,0
1070,1,0,0,1,0,0,0,0
1071,0,1,1,1,0,1,1,1
1072,0,1,1,0,0,0,1,1
1073,0,1,0,1,0,1,0,0
1074,0,0,1,1,0,0,1,1
1075,1,1,1,0,1,1,0,1
1076,1,1,1,0,1,0,1,1
1077,0,1,0,0,0,1,0,0
1078,1,0,1,1,1,1,1,1
1079,0,0,1,1,0,0,1,1
1080,1,1,1,1,1,1,1,0
1081,1,0,0,1,1,0,0,1
1082,0,1,0,0,0,0,1,1
1083,0,0,1,0,0,0,1,1
1084,0,0,0,0,0,0,0,1
1085,1,1,0,1,0,0,0,0
1086,1,0,1,0,1,0,1,1
1087,0,0,0,0,0,0,0,0
1088,1,0,1,0,0,0,0,0
1089,0,0,1,0,0,0,1,1
1090,0,1,0,1,0,1,0,0
1091,0,1,1,0,0,1,0,0
1092,0,0,1,1,1,0,1,1
1093,0,0,1,0,0,0,1,1
1094,0,0,0,1,0,0,0,0
1095,1,1,1,0,0,0,0,1
1096,1,1,0,1,0,1,0,1
1097,1,1,0,0,0,0,0,0
1098,1,0,1,1,1,0,1,1
1099,1,1,1,0,1,0,1,1
1100,0,0,1,1,0,0,0,0
1101,0,1,1,1,0,1,1,1
1102,0,1,1,0,0,1,1,1
1103,1,1,0,0,0,1,0,0
1104,0,0,1,1,0,0,1,1
1105,0,1,1,1,1,0,1,1
1106,1,0,1,0,1,0,1,1
1107,1,1,0,1,0,1,0,0
1108,1,0,1,0,1,1,1,1
1109,0,1,1,1,0,1,1,1
1110,1,1,1,1,1,1,1,1
1111,1,0,0,0,0,0,1,0
1112,0,1,0,0,0,0,0,0
1113,0,0,0,0,0,0,1,1
1114,0,0,0,1,0,0,0,0
1115,1,1,0,0,0,0,0,0
1116,1,0,1,1,1,0,1,1
1117,1,0,0,0,0,0,0,0
1118,1,0,0,0,0,0,0,0
1119,0,1,1,0,0,0,1,1
1120,0,1,0,0,0,1,0,0
1121,0,1,0,0,0,1,0,0
1122,0,0,0,0,0,0,1,1
1123,0,0,1,0,0,0,1,1
1124,1,0,0,1,0,0,1,0
1125,1,1,1,0,0,0,1,1
1126,1,1,0,1,0,1,0,1
1127,1,1,0,0,0,0,0,0
1128,1,0,1,0,1,1,1,1
1129,1,0,1,0,1,0,1,1
1130,1,0,0,1,0,0,0,0
1131,0,1,1,1,0,1,1,0
1132,0,1,1,0,0,0,1,0
1133,0,1,0,1,0,1,0,0
1134,0,0,1,1,0,0,1,1
1135,1,1,1,1,0,1,1,1
1136,1,1,0,0,1,0,1,0
1137,1,1,0,1,0,1,0,0
1138,1,0,1,1,1,0,1,1
1139,0,1,1,1,0,1,1,1
1140,1,1,1,1,1,1,1,1
1141,1,0,0,0,0,0,0,0
1142,1,1,0,0,0,0,0,0
1143,0,0,1,0,0,0,1,0
1144,0,1,0,0,1,0,1,0
1145,1,1,0,0,0,0,0,0
1146,1,0,1,0,1,0,1,1
1147,1,1,0,1,0,0,0,0
1148,1,0,0,0,0,0,1,0
1149,0,1,1,0,1,0,1,1
1150,0,0,0,1,0,1,1,0
1151,0,1,0,0,0,0,0,0
1152,1,1,1,1,0,0,1,1
1153,0,0,1,0,0,0,1,1
1154,0,0,0,1,0,0,0,0
1155,1,1,1,0,1,0,1,1
1156,1,0,0,1,0,1,0,0
1157,1,1,0,0,0,0,1,1
1158,1,0,1,1,1,0,1,1
1159,1,1,1,0,1,0,1,1
1160,1,0,1,1,0,0,0,0
1161,0,1,1,1,0,1,1,1
1162,0,1,1,0,0,0,1,1
1163,0,1,0,0,0,1,0,0
1164,0,0,1,1,0,0,1,1
1165,1,1,0,0,1,1,1,1
1166,0,1,1,0,1,0,1,1
1167,1,1,0,1,0,1,0,0
1168,1,0,1,1,1,0,1,1
1169,0,1,1,1,0,1,0,1
1170,1,1,1,1,1,1,1,1
1171,1,1,1,0,0,0,0,0
1172,0,1,1,0,1,0,1,0
1173,0,0,1,0,0,0,1,1
1174,0,0,0,0,0,0,0,0
1175,1,1,0,0,0,0,0,0
1176,0,0,1,1,1,0,0,1
1177,1,0,1,1,0,0,0,1
1178,1,0,1,0,0,0,1,0
1179,0,0,1,0,0,0,1,1
1180,0,0,0,1,0,1,0,0
1181,0,1,0,0,0,0,0,1
1182,0,0,1,1,0,1,1,1
1183,0,0,1,0,0,0,1,1
1184,0,0,0,1,0,0,0,0
1185,1,0,1,0,1,0,1,1
1186,1,1,0,0,0,1,0,0
1187,1,1,0,0,0,0,0,0
1188,1,0,1,1,1,0,1,1
1189,1,0,0,0,1,0,1,0
1190,1,0,0,1,0,0,0,0
1191,1,0,1,1,0,1,1,1
1192,0,1,1,0,0,0,1,1
1193,0,1,0,1,0,1,0,0
1194,0,0,1,1,0,0,1,1
1195,1,1,1,1,1,1,1,1
1196,1,1,1,0,1,0,1,1
1197,1,1,1,1,1,1,0,0
1198,1,0,1,1,1,0,0,1
1199,0,1,1,1,0,1,1,1
1200,1,1,1,1,0,1,1,1
1201,1,0,0,0,0,0,0,0
1202,0,1,0,0,0,1,0,1
1203,0,0,1,0,0,0,1,1
1204,1,0,1,0,0,0,0,0
1205,1,1,0,0,0,1,0,0
1206,1,0,1,0,1,0,1,1
1207,1,0,0,1,0,0,0,0
1208,1,0,0,1,0,0,0,0
1209,0,1,1,0,0,0,1,1
1210,0,1,1,1,0,1,0,0
1211,0,1,1,0,0,0,0,0
1212,1,0,1,1,0,0,1,1
1213,1,1,1,0,0,0,1,1
1214,0,0,0,1,0,0,0,1
1215,1,1,1,0,1,0,1,1
1216,1,1,0,1,0,1,0,0
1217,1,0,0,0,0,0,0,1
1218,1,0,1,1,1,0,1,1
1219,1,0,1,1,1,0,1,1
1220,1,0,0,1,0,0,0,0
1221,0,1,1,1,0,1,1,1
1222,0,1,1,0,0,0,1,1
1223,0,1,0,1,0,1,0,0
1224,0,0,1,1,0,0,1,1
1225,1,1,1,0,1,1,1,1
1226,1,1,1,1,1,0,1,0
1227,1,0,1,1,0,1,0,0
1228,1,0,1,0,1,0,1,1
1229,0,1,1,0,0,1,1,1
1230,1,1,1,1,1,1,0,0
1231,1,0,0,1,0,0,0,0
1232,0,1,0,0,0,0,0,1
1233,0,0,1,0,0,0,1,1
1234,1,0,0,0,0,0,0,1
1235,0,1,0,0,0,0,0,0
1236,1,1,1,1,1,0,1,1
1237,1,1,0,1,1,0,1,0
1238,1,0,0,0,0,0,0,0
1239,1,1,1,0,0,0,1,1
1240,0,1,0,1,0,1,0,0
1241,0,1,0,1,0,0,0,0
1242,0,1,1,1,0,0,1,1
1243,0,0,1,0,0,0,1,0
1244,0,0,0,1,0,0,0,0
1245,1,1,1,0,1,0,1,1
1246,1,1,0,1,0,1,0,1
1247,1,0,0,0,0,1,0,0
1248,1,0,1,1,1,0,1,1
1249,1,0,1,0,1,0,1,0
1250,1,0,0,1,1,0,0,0
1251,0,1,1,1,0,1,1,1
1252,0,1,1,0,0,1,1,1
1253,0,1,0,1,0,0,0,1
1254,0,0,1,1,0,0,1,0
1255,1,1,1,1,0,1,1,1
1256,1,0,1,0,1,0,1,1
1257,1,1,0,1,0,1,0,0
1258,1,0,1,1,1,0,1,1
1259,1,1,1,1,0,1,0,1
1260,0,1,1,1,1,1,1,1
1261,1,0,0,0,0,0,0,1
1262,0,1,0,0,0,0,0,0
1263,0,0,0,0,0,0,0,1
1264,0,0,1,0,0,0,0,0
1265,1,1,0,1,0,0,1,0
1266,1,0,0,0,1,1,1,1
1267,1,1,0,1,0,0,1,0
1268,1,1,1,0,0,0,0,0
1269,0,1,0,0,0,0,1,1
1270,0,1,0,1,1,1,0,0
1271,0,1,1,0,0,0,1,0
1272,0,0,1,1,1,0,1,1
1273,0,0,1,0,0,0,1,1
1274,0,0,1,1,0,0,0,0
1275,1,1,1,0,1,0,1,1
1276,0,1,0,1,0,1,0,0
1277,1,1,0,0,0,0,0,0
1278,1,0,1,1,1,1,1,1
1279,1,0,1,0,1,0,1,0
1280,1,1,0,1,0,0,0,0
1281,1,1,1,1,0,0,1,0
1282,0,1,1,1,0,0,0,1
1283,0,1,0,1,0,1,0,0
1284,0,0,1,1,1,0,1,0
1285,1,1,1,1,1,1,1,1
1286,1,1,0,0,1,0,1,1
1287,1,0,0,1,0,1,0,0
1288,1,0,1,0,1,0,1,1
1289,1,1,1,1,0,1,1,1
1290,1,1,1,1,0,1,1,1
1291,0,0,0,0,0,0,0,0
1292,0,1,0,0,0,0,0,0
1293,0,0,0,0,0,0,0,1
1294,0,0,0,0,0,1,0,1
1295,1,1,0,0,0,0,0,0
1296,1,0,1,0,1,0,0,1
1297,1,1,0,1,0,0,0,0
1298,1,0,0,0,0,0,0,1
1299,0,1,1,0,0,1,1,1
1300,0,1,0,1,1,0,0,0
1301,0,1,0,0,0,0,0,0
1302,0,0,1,1,0,0,1,1
1303,0,0,1,0,0,0,1,1
1304,0,0,0,1,0,0,0,0
1305,0,1,1,0,1,0,0,1
1306,1,1,0,1,1,1,0,0
1307,1,1,0,1,1,0,0,0
1308,1,0,1,1,1,0,1,0
1309,1,0,1,0,1,1,1,1
1310,0,0,0,0,0,0,0,0
1311,0,1,1,1,0,0,1,1
1312,0,0,1,0,1,0,1,1
1313,1,1,0,0,0,1,0,0
1314,0,0,1,1,0,0,1,0
1315,1,1,1,1,1,1,1,1
1316,1,1,1,0,0,0,1,0
1317,1,1,0,1,0,1,0,0
1318,0,0,1,1,1,0,1,1
1319,0,1,1,1,0,1,1,1
1320,1,1,1,1,1,1,0,1
1321,1,0,0,0,0,0,0,0
1322,0,1,1,0,0,0,0,0
1323,0,0,1,0,0,0,1,1
1324,0,0,0,0,0,1,0,0
1325,0,1,0,0,0,0,0,1
1326,0,0,1,1,0,0,1,1
1327,1,0,0,0,0,0,0,0
1328,1,1,0,0,0,0,0,0
1329,0,1,1,0,0,0,1,1
1330,0,1,0,1,0,1,0,0
1331,0,1,1,0,0,0,0,0
1332,0,0,1,0,1,0,1,1
1333,0,1,1,0,1,0,1,1
1334,0,0,0,1,0,0,0,0
1335,1,1,1,0,1,0,1,1
1336,1,1,0,1,0,1,0,0
1337,1,1,0,0,0,0,0,0
1338,1,0,1,1,1,0,1,1
1339,1,0,0,0,0,0,1,0
1340,1,1,0,1,0,0,0,0
1341,1,1,1,1,0,1,1,1
1342,0,1,1,0,1,1,1,1
1343,0,1,0,1,1,1,0,0
1344,0,0,1,0,0,0,1,1
1345,1,0,1,1,1,1,1,1
1346,1,1,1,0,1,0,0,0
1347,1,1,0,1,0,1,0,0
1348,1,0,1,1,1,0,1,1
1349,0,1,1,1,1,1,1,1
1350,1,0,1,1,1,1,1,1
1351,1,0,0,1,0,1,0,0
1352,0,1,0,0,0,0,1,0
1353,0,0,1,1,0,0,1,1
1354,0,0,0,0,0,0,0,0
1355,1,1,0,1,0,0,1,0
1356,1,0,1,0,1,0,1,1
1357,1,1,0,1,0,0,1,0
1358,1,0,0,0,0,0,0,0
1359,0,0,1,0,1,0,1,1
1360,0,1,0,1,0,1,0,0
1361,0,0,0,0,0,0,0,0
1362,0,0,1,1,0,0,1,0
1363,0,0,1,1,0,0,1,1
1364,0,0,0,1,0,0,0,0
1365,1,1,1,0,0,0,0,1
1366,1,1,1,1,0,1,0,0
1367,1,1,0,0,0,0,0,0
1368,1,0,1,1,1,0,1,1
1369,1,0,1,0,1,0,1,1
1370,0,0,0,1,0,1,0,0
1371,0,0,1,0,0,1,1,1
1372,1,1,1,0,0,0,1,1
1373,0,1,0,1,1,1,0,1
1374,0,0,1,1,0,0,1,1
1375,1,1,1,1,1,0,0,1
1376,1,1,1,0,1,0,1,1
1377,1,1,0,1,0,1,0,0
1378,1,0,1,1,1,1,1,1
1379,0,1,1,1,1,1,1,1
1380,1,1,1,1,1,1,1,1
1381,1,0,0,0,0,0,0,0
1382,0,1,0,0,0,0,1,0
1383,0,0,1,0,0,0,0,1
1384,0,0,0,0,0,0,0,0
1385,1,0,0,0,1,0,0,0
1386,0,0,1,0,1,0,1,1
1387,1,0,0,1,0,1,0,0
1388,1,0,0,1,0,0,0,0
1389,0,1,1,0,0,0,0,1
1390,1,1,0,1,0,1,0,0
1391,0,1,0,0,0,0,0,0
1392,0,0,1,1,0,0,0,1
1393,0,0,1,0,0,0,1,1
1394,0,1,0,0,0,0,0,0
1395,1,1,1,0,1,0,1,1
1396,1,1,0,1,1,1,0,0
1397,1,1,0,0,1,1,1,1
1398,0,0,1,1,1,0,1,1
1399,1,0,1,0,1,0,1,1
1400,1,0,0,1,0,0,0,0
1401,0,1,1,1,0,1,1,1
1402,0,0,1,0,0,0,1,1
1403,0,1,0,1,0,1,0,0
1404,0,0,1,1,0,0,1,1
1405,1,1,1,0,0,1,1,1
1406,1,1,1,0,1,0,1,1
1407,0,1,0,1,0,0,0,0
1408,0,0,0,1,0,0,1,1
1409,0,1,1,1,0,1,1,1
1410,1,1,1,1,1,1,1,1
1411,1,0,0,0,0,0,0,0
1412,0,1,0,1,0,0,0,1
1413,0,0,1,1,0,1,0,1
1414,0,0,0,0,0,0,0,0
1415,1,1,0,0,0,0,0,0
1416,1,0,1,0,1,0,1,1
1417,0,0,1,0,0,0,0,0
1418,1,1,0,0,1,0,0,1
1419,0,1,1,0,0,0,0,1
1420,0,1,0,1,0,1,1,0
1421,0,1,0,0,0,0,0,0
1422,0,0,1,1,1,0,1,1
1423,0,0,1,0,0,0,1,1
1424,0,0,0,1,1,0,0,0
1425,1,1,1,0,1,0,1,1
1426,0,1,0,0,1,0,0,0
1427,1,1,0,0,0,0,1,0
1428,1,0,1,1,1,0,1,0
1429,0,0,1,0,1,0,0,1
1430,0,0,0,1,0,0,0,0
1431,0,1,1,1,0,1,1,1
1432,0,1,1,0,0,0,1,1
1433,0,1,1,1,0,0,0,1
1434,0,0,1,1,0,0,1,0
1435,1,1,0,1,1,1,1,1
1436,1,0,1,0,1,0,1,1
1437,1,1,0,0,0,1,0,1
1438,1,0,0,1,1,0,0,1
1439,0,1,1,1,0,1,1,1
1440,1,1,1,1,1,1,1,1
1441,0,0,1,0,0,0,0,0
1442,0,0,0,0,0,0,0,0
1443,0,0,1,0,0,1,1,1
1444,1,0,0,0,0,0,0,0
1445,1,1,0,0,0,0,0,0
1446,1,1,1,0,1,0,1,1
1447,0,0,0,1,1,0,0,0
1448,1,0,0,0,0,1,0,0
1449,0,0,1,0,0,0,1,1
1450,0,1,0,1,0,1,0,0
1451,0,1,0,0,0,0,0,0
1452,0,0,1,1,1,1,1,1
1453,0,0,1,0,0,0,0,0
1454,0,0,0,1,0,0,0,0
1455,1,1,0,0,1,0,1,1
1456,1,1,0,0,0,0,0,1
1457,1,1,0,0,0,0,0,0
1458,1,0,1,1,1,0,1,1
1459,1,0,1,0,1,0,1,1
1460,1,0,0,1,0,0,0,0
1461,0,0,1,1,0,1,1,1
1462,0,1,1,0,0,0,1,1
1463,0,1,1,1,0,1,0,0
1464,0,0,1,1,0,0,1,1
1465,1,1,1,1,0,1,1,1
1466,1,1,1,0,1,0,1,1
1467,1,1,0,1,0,1,0,0
1468,1,0,1,1,1,0,1,1
1469,0,1,1,1,0,1,1,1
1470,1,1,1,1,1,1,1,1
1471,1,0,0,0,0,0,0,0
1472,0,1,0,0,0,0,0,1
1473,0,0,1,0,0,1,1,1
1474,0,1,0,0,0,0,0,0
1475,1,1,0,0,0,0,0,1
1476,1,1,1,0,1,1,1,1
1477,1,1,0,1,0,0,0,0
1478,0,0,0,0,0,0,0,0
1479,0,1,1,0,0,0,1,1
1480,0,1,0,1,0,1,0,0
1481,0,1,0,0,0,1,0,0
1482,0,1,1,1,0,0,0,1
1483,0,0,1,1,0,0,1,1
1484,0,0,0,1,0,0,0,0
1485,1,1,1,0,1,0,1,1
1486,1,1,0,1,0,1,0,0
1487,1,1,0,0,0,1,0,0
1488,0,0,1,1,1,0,1,1
1489,1,0,1,0,1,0,1,1
1490,1,0,0,1,0,0,1,0
1491,0,1,1,1,0,1,1,1
1492,0,1,1,0,0,0,1,1
1493,0,1,0,0,0,1,0,1
1494,0,0,0,1,0,0,1,1
1495,1,1,1,1,1,1,1,1
1496,1,1,1,0,1,0,1,1
1497,1,1,0,1,0,1,0,0
1498,1,0,1,1,1,0,1,1
1499,0,1,1,1,0,1,1,1
1500,1,1,1,1,1,1,1,1
1501,1,0,0,0,0,0,0,0
1502,0,1,0,1,0,0,0,0
1503,0,1,1,0,0,0,1,1
1504,0,0,1,0,0,0,0,0
1505,1,1,0,0,0,0,0,0
1506,1,0,0,0,1,0,1,1
1507,1,0,0,1,0,0,0,0
1508,1,0,0,0,0,0,0,0
1509,0,1,1,0,0,0,1,0
1510,0,1,1,1,0,1,0,0
1511,0,1,0,0,1,0,0,1
1512,1,0,1,1,0,0,1,1
1513,0,0,1,0,0,0,1,1
1514,0,0,0,1,0,0,0,0
1515,1,1,1,0,1,0,0,1
1516,1,1,0,1,0,0,0,0
1517,1,1,0,0,0,1,1,1
1518,1,0,1,1,1,0,1,1
1519,1,0,1,0,1,0,1,1
1520,1,0,0,1,0,0,0,0
1521,0,1,1,1,0,1,1,1
1522,0,1,1,0,0,0,1,1
1523,0,1,0,1,0,1,0,0
1524,0,0,1,1,0,0,1,1
1525,1,1,1,1,1,1,1,1
1526,1,1,1,0,1,0,1,1
1527,1,1,0,0,1,1,0,0
1528,1,0,1,1,1,0,1,1
1529,0,1,1,1,0,1,1,1
1530,1,0,1,1,1,1,1,1
1531,1,1,0,0,0,0,0,0
1532,0,1,0,0,0,0,0,0
1533,1,0,0,0,1,0,0,1
1534,0,0,0,0,1,0,0,0
1535,1,1,0,1,0,0,0,0
1536,1,0,0,0,1,0,1,1
1537,1,0,0,1,0,0,0,1
1538,1,0,0,0,0,0,0,0
1539,0,1,1,0,0,0,0,1
1540,0,1,1,1,0,1,0,0
1541,0,1,0,0,0,0,0,0
1542,0,0,1,1,0,0,0,1
1543,1,0,1,0,0,0,1,1
1544,0,0,0,1,0,1,0,0
1545,1,1,1,0,1,0,1,1
1546,1,1,1,1,0,1,0,0
1547,1,1,0,0,0,0,0,0
1548,1,0,1,1,1,0,1,1
1549,1,1,1,0,0,0,1,1
1550,0,0,0,1,1,0,0,0
1551,0,1,1,1,0,1,1,1
1552,0,1,1,0,0,1,1,1
1553,0,1,0,0,0,1,0,0
1554,0,0,1,0,0,0,1,1
1555,0,0,1,1,0,1,1,1
1556,1,1,1,0,1,0,1,1
1557,1,1,0,1,0,1,0,1
1558,1,1,1,1,0,0,1,1
1559,0,1,1,1,0,1,0,1
1560,1,1,1,1,1,1,1,1
1561,1,0,0,1,0,0,0,0
1562,0,1,0,1,0,0,0,0
1563,0,0,1,0,0,0,1,1
1564,0,0,0,0,1,0,0,0
1565,1,1,0,1,0,1,0,0
1566,1,0,1,0,1,0,1,1
1567,1,0,0,1,0,0,0,0
1568,1,0,0,1,0,0,1,1
1569,0,1,1,0,0,0,1,0
1570,0,1,1,0,0,1,0,0
1571,0,1,0,0,0,0,0,0
1572,0,0,1,1,0,0,1,1
1573,0,0,1,0,0,0,1,0
1574,0,0,0,1,0,0,0,1
1575,0,1,1,0,1,0,1,1
1576,1,1,0,1,0,0,0,0
1577,1,0,0,0,0,0,1,0
1578,1,0,1,1,1,0,1,1
1579,1,0,1,0,1,0,1,1
1580,1,0,0,1,0,0,0,0
1581,0,0,1,1,0,1,1,1
1582,0,1,1,0,0,0,1,1
1583,0,1,0,1,0,1,1,0
1584,0,0,1,1,0,0,1,1
1585,1,1,1,1,1,1,1,1
1586,1,0,0,0,1,0,1,1
1587,1,1,1,1,0,1,0,0
1588,1,1,1,1,1,0,1,1
1589,0,1,0,1,0,1,1,1
1590,1,1,1,1,1,1,1,1
1591,1,0,0,0,0,0,0,0
1592,0,1,0,1,0,1,0,0
1593,0,0,1,0,0,0,1,1
1594,0,0,0,0,0,1,1,0
1595,1,1,0,0,0,0,0,0
1596,1,0,1,0,1,0,1,1
1597,1,0,1,1,0,0,0,0
1598,1,0,0,0,0,0,0,0
1599,0,1,1,0,0,0,1,1
1600,0,0,0,1,0,1,0,0
1601,0,1,1,0,0,0,0,0
1602,0,0,1,0,0,0,1,1
1603,0,0,1,1,0,0,1,0
1604,0,1,0,1,1,0,0,0
1605,1,1,1,0,1,0,1,1
1606,1,0,0,1,0,1,0,0
1607,1,1,0,0,0,0,0,0
1608,1,0,1,1,1,0,1,1
1609,1,0,1,0,1,0,1,1
1610,1,0,0,0,0,0,0,0
1611,0,1,1,1,0,1,1,1
1612,0,1,1,0,0,0,1,1
1613,0,0,0,1,0,1,0,0
1614,0,1,0,1,0,0,1,1
1615,1,1,1,1,1,1,1,1
1616,1,0,1,1,1,0,1,1
1617,1,1,0,1,0,1,0,0
1618,1,0,1,0,1,0,1,1
1619,0,1,1,1,0,1,0,1
1620,1,1,1,1,1,1,1,1
1621,1,0,0,0,0,0,0,0
1622,0,1,0,0,0,0,0,0
1623,0,0,1,1,0,0,1,1
1624,0,0,0,0,0,0,0,0
1625,1,1,0,0,0,0,0,0
1626,1,0,1,0,1,0,1,1
1627,1,0,0,1,0,0,0,0
1628,1,0,0,0,0,0,1,0
1629,0,1,1,0,0,1,0,1
1630,0,1,0,1,0,1,0,0
1631,0,1,0,0,0,0,0,0
1632,0,0,1,1,0,0,1,0
1633,0,0,1,0,0,0,1,1
1634,0,0,0,1,0,0,0,0
1635,0,1,1,0,1,0,1,1
1636,1,1,1,1,0,1,0,0
1637,1,1,0,0,0,0,0,0
1638,0,1,1,1,1,0,1,1
1639,1,0,0,0,1,0,1,1
1640,1,0,0,1,0,0,1,0
1641,0,1,1,1,0,1,1,1
1642,0,1,1,0,0,0,1,1
1643,0,1,0,1,0,1,0,0
1644,0,0,1,1,0,0,1,1
1645,1,1,1,1,1,1,0,1
1646,1,1,1,0,1,0,1,0
1647,1,1,0,1,0,1,0,0
1648,1,0,1,1,1,1,1,1
1649,0,1,0,1,0,1,1,1
1650,1,1,1,1,1,0,1,1
1651,1,0,0,0,0,1,1,0
1652,0,1,0,0,0,0,1,0
1653,0,0,1,1,0,0,1,1
1654,0,1,0,0,0,0,0,0
1655,1,1,0,0,0,0,0,0
1656,1,0,1,0,1,0,1,1
1657,0,0,0,1,0,1,0,0
1658,1,0,1,0,0,0,0,0
1659,0,1,1,0,0,0,0,1
1660,0,0,0,1,0,1,0,0
1661,0,1,0,0,0,0,0,1
1662,1,0,1,1,0,0,1,1
1663,0,0,1,1,1,0,1,1
1664,0,0,0,1,0,0,0,0
1665,1,1,1,0,1,0,1,1
1666,1,1,0,1,0,1,0,0
1667,1,1,0,0,0,0,0,0
1668,1,0,1,1,1,0,1,1
1669,1,0,1,0,1,0,0,1
1670,1,1,0,1,0,0,0,0
1671,0,1,1,0,0,1,1,1
1672,0,1,0,1,0,0,1,1
1673,0,1,0,1,1,1,0,0
1674,0,0,1,0,0,0,1,1
1675,1,1,1,1,1,1,1,1
1676,1,0,1,0,0,0,1,1
1677,1,1,0,1,1,1,0,0
1678,1,0,1,1,1,1,1,1
1679,0,1,1,1,0,1,1,1
1680,1,1,1,0,1,1,1,1
1681,1,0,0,0,0,0,0,0
1682,0,0,0,0,0,0,0,0
1683,0,0,1,0,0,0,1,1
1684,0,0,0,0,1,0,0,0
1685,1,1,0,0,0,0,0,0
1686,1,0,1,0,1,0,1,1
1687,1,0,0,1,0,0,0,0
1688,1,0,1,0,0,0,0,0
1689,0,0,1,0,0,0,1,1
1690,0,1,0,1,0,1,0,0
1691,0,1,0,0,0,0,0,0
1692,0,0,1,1,0,1,1,1
1693,0,0,1,1,0,0,1,1
1694,0,0,0,0,0,0,0,0
1695,1,1,1,0,0,0,1,1
1696,1,1,0,1,0,1,0,0
1697,0,1,0,0,0,0,0,0
1698,1,0,1,1,1,1,1,0
1699,1,0,1,0,1,0,1,1
1700,1,0,0,1,0,0,0,0
1701,0,1,1,1,0,1,1,1
1702,0,1,1,0,0,0,1,1
1703,0,1,0,1,0,1,0,0
1704,0,0,1,1,1,0,1,1
1705,1,1,1,1,1,1,0,1
1706,1,1,1,0,0,0,1,1
1707,1,1,0,1,0,1,0,0
1708,1,0,1,0,1,0,1,1
1709,0,1,1,1,0,1,1,0
1710,1,1,0,1,1,1,1,1
1711,1,1,0,0,0,0,0,0
1712,0,1,0,0,1,0,0,0
1713,0,0,1,0,1,0,1,1
1714,0,0,0,0,0,0,1,0
1715,1,1,0,0,1,0,0,0
1716,1,0,1,0,1,0,1,1
1717,1,0,0,1,0,0,0,0
1718,0,0,0,0,0,0,0,1
1719,0,1,1,0,0,0,1,1
1720,0,0,0,1,0,1,1,0
1721,0,1,1,1,0,0,0,0
1722,0,0,1,1,0,0,0,0
1723,0,0,1,0,0,0,1,1
1724,0,0,0,1,0,0,0,0
1725,1,1,1,0,0,0,1,1
1726,0,1,0,1,0,1,0,0
1727,1,1,0,0,0,0,0,0
1728,1,0,1,1,1,0,1,1
1729,1,0,1,0,1,0,1,1
1730,1,0,0,1,0,0,0,1
1731,0,1,0,1,0,0,1,1
1732,0,1,1,0,0,0,1,1
1733,0,1,0,1,0,1,0,0
1734,0,0,0,1,0,0,1,1
1735,0,0,1,0,1,1,1,1
1736,1,1,1,0,1,0,1,1
1737,1,0,0,1,0,1,0,0
1738,1,1,1,1,1,1,1,1
1739,0,1,0,1,1,0,1,1
1740,1,1,1,1,1,1,1,1
1741,1,0,0,0,1,0,0,0
1742,0,1,0,0,0,0,0,1
1743,0,0,1,0,0,0,1,1
1744,0,0,0,0,0,0,0,1
1745,0,1,0,0,1,0,0,1
1746,1,0,1,0,0,0,1,1
1747,1,0,0,0,0,0,0,1
1748,1,0,0,0,0,0,0,0
1749,0,1,0,0,0,0,0,1
1750,0,1,0,1,0,1,0,0
1751,0,1,0,0,0,0,0,0
1752,0,0,1,1,0,0,1,1
1753,0,0,1,0,0,0,1,1
1754,0,0,0,1,1,0,0,1
1755,1,1,1,0,1,0,1,0
1756,0,1,0,1,0,1,0,0
1757,1,1,0,0,0,0,0,0
1758,1,0,1,1,1,0,1,0
1759,1,0,1,0,1,0,1,1
1760,1,0,0,1,0,0,0,1
1761,0,1,0,1,0,1,1,1
1762,0,1,1,0,0,0,1,1
1763,0,1,0,1,0,1,0,0
1764,0,1,1,1,0,0,1,1
1765,1,1,1,1,1,1,1,1
1766,1,1,1,0,1,0,1,1
1767,1,1,0,1,0,1,0,0
1768,1,0,1,1,1,0,1,1
1769,0,1,1,1,0,1,1,1
1770,1,1,1,1,1,1,1,0
1771,1,1,0,0,1,0,1,1
1772,0,1,0,0,0,0,0,0
1773,0,0,1,0,0,0,1,1
1774,0,0,0,0,0,0,0,0
1775,1,1,0,0,0,1,0,0
1776,1,1,1,0,1,0,1,0
1777,0,0,0,1,0,0,0,0
1778,1,0,0,0,0,0,0,0
1779,0,0,1,0,0,0,1,1
1780,0,1,0,1,0,1,0,0
1781,0,1,0,0,0,1,1,0
1782,0,0,1,1,0,0,1,1
1783,0,1,1,0,0,0,1,0
1784,0,0,0,1,1,0,1,0
1785,1,1,1,0,1,0,1,1
1786,1,1,0,1,0,1,0,1
1787,1,1,0,0,0,0,0,0
1788,1,0,1,1,1,0,0,1
1789,1,0,1,0,1,0,1,1
1790,0,0,0,1,0,0,0,0
1791,0,1,1,0,1,1,1,1
1792,0,1,1,0,0,0,1,1
1793,0,1,0,1,0,1,0,1
1794,0,1,1,1,0,0,1,1
1795,1,1,1,1,0,0,1,1
1796,0,1,1,0,1,0,1,1
1797,1,1,0,1,0,1,0,0
1798,1,0,1,1,1,0,1,1
1799,0,1,1,1,1,1,1,1
1800,1,1,1,1,1,1,1,1
1801,1,1,1,1,0,0,0,0
1802,0,0,0,0,0,0,0,0
1803,0,0,1,0,0,0,1,1
1804,0,0,1,0,0,0,1,0
1805,1,1,0,0,0,0,0,0
1806,1,0,1,0,1,1,1,0
1807,1,0,0,1,0,0,0,0
1808,1,0,0,1,0,0,0,0
1809,0,0,1,0,1,0,1,1
1810,0,1,0,1,0,1,1,0
1811,0,1,1,0,0,0,0,0
1812,0,0,1,1,0,0,1,1
1813,0,0,1,0,0,0,1,1
1814,0,0,0,1,0,1,0,0
1815,1,1,1,0,1,0,1,1
1816,1,1,0,1,0,1,0,0
1817,1,1,0,0,0,0,0,1
1818,1,1,1,1,1,0,1,1
1819,1,0,1,0,1,0,1,1
1820,1,0,0,1,0,0,0,0
1821,0,1,1,1,0,1,1,1
1822,0,1,1,0,0,0,1,0
1823,0,1,0,1,0,1,1,0
1824,0,0,1,1,0,1,1,1
1825,1,1,1,1,1,1,1,1
1826,1,1,1,1,1,0,1,1
1827,1,1,0,1,0,1,0,0
1828,1,0,1,1,1,0,0,1
1829,0,1,1,1,0,1,1,1
1830,1,1,0,1,1,1,1,1
1831,1,0,0,0,0,0,1,0
1832,1,1,1,0,0,0,0,0
1833,0,0,1,0,0,0,1,1
1834,0,0,0,1,0,1,0,1
1835,1,1,1,0,0,0,0,0
1836,1,0,1,0,1,0,1,1
1837,1,0,0,1,0,0,0,0
1838,1,1,0,0,0,0,0,1
1839,0,1,0,0,0,0,1,1
1840,0,1,0,0,0,1,0,0
1841,0,1,0,0,0,0,0,0
1842,0,0,1,1,0,0,1,1
1843,0,0,0,0,0,0,1,1
1844,0,1,0,1,0,0,0,0
1845,1,0,1,0,1,0,1,1
1846,1,1,0,1,0,1,0,0
1847,1,0,0,0,0,0,1,1
1848,1,0,1,1,1,0,1,1
1849,1,0,1,0,1,0,1,1
1850,1,0,0,1,0,0,0,0
1851,0,1,1,1,0,1,1,1
1852,0,1,1,0,0,0,1,1
1853,1,1,1,0,0,1,0,0
1854,0,0,1,1,0,0,1,1
1855,1,0,1,1,0,1,1,1
1856,1,1,1,0,1,0,0,1
1857,1,1,0,1,0,1,0,0
1858,1,0,1,1,1,0,1,1
1859,1,1,1,1,0,1,1,1
1860,1,1,1,1,1,1,1,1
1861,1,0,0,0,0,1,0,0
1862,1,1,0,0,0,0,0,0
1863,0,0,0,0,0,0,1,1
1864,0,0,0,0,0,0,0,0
1865,0,1,0,0,0,0,0,0
1866,1,0,1,0,0,0,1,1
1867,1,0,0,1,0,1,1,0
1868,1,0,0,0,0,0,1,0
1869,0,0,0,0,0,0,1,1
1870,0,1,0,1,0,1,0,1
1871,0,1,0,0,0,0,0,0
1872,0,0,1,1,0,0,1,1
1873,0,1,1,0,0,0,1,1
1874,0,0,0,1,0,0,0,1
1875,1,1,1,0,1,0,1,1
1876,1,1,0,1,0,1,1,0
1877,1,1,0,0,0,0,0,0
1878,1,0,1,1,1,0,1,1
1879,1,0,1,0,1,0,1,1
1880,1,0,0,1,0,0,0,0
1881,0,1,1,1,0,1,1,1
1882,0,1,1,0,0,0,1,1
1883,0,0,0,1,0,1,1,0
1884,0,0,1,1,0,0,1,1
1885,0,1,1,1,1,0,0,1
1886,1,0,1,0,1,0,1,0
1887,0,1,0,1,0,1,0,0
1888,1,0,1,0,1,0,1,1
1889,1,1,1,0,0,1,1,1
1890,1,1,1,0,0,1,1,1
1891,1,0,0,0,0,0,0,0
1892,0,1,0,0,0,0,0,0
1893,0,0,1,0,0,0,1,1
1894,0,0,1,0,0,0,0,0
1895,1,1,0,1,0,0,0,0
1896,1,0,1,0,1,0,1,1
1897,1,0,0,1,0,0,0,0
1898,1,0,0,0,1,1,0,0
1899,0,1,0,1,0,0,1,1
1900,0,1,1,0,0,1,0,0
1901,0,1,0,0,0,0,1,0
1902,0,0,1,0,1,0,1,0
1903,0,0,1,0,0,0,1,0
1904,0,0,0,1,1,0,0,0
1905,1,0,1,0,1,0,1,1
1906,1,0,0,1,0,1,0,0
1907,1,1,0,1,0,0,0,0
1908,0,1,1,1,1,0,1,1
1909,1,0,1,0,1,0,1,1
1910,1,0,0,0,0,0,0,0
1911,0,1,1,1,0,1,1,1
1912,0,1,1,0,0,0,1,1
1913,0,1,0,1,0,1,0,0
1914,0,0,1,1,0,1,1,1
1915,1,1,1,1,1,1,0,0
1916,0,1,0,0,1,0,1,1
1917,1,1,0,1,1,1,0,0
1918,1,1,1,1,1,1,1,1
1919,0,1,1,1,0,1,1,1
1920,1,1,1,1,1,1,1,0
